{
  "circle_1": {
    "mean_error_m": 0.0014262430201928316,
    "rms_error_m": 0.0018221841629929051,
    "p95_error_m": 0.0035978775404042,
    "max_error_m": 0.010287216062353177,
    "rms_torque_Nm": 18.902590559073644,
    "max_abs_torque_Nm": 60.39218133215511
  },
  "circle_2": {
    "mean_error_m": 0.005569672917798083,
    "rms_error_m": 0.008032012001765888,
    "p95_error_m": 0.020846327461024154,
    "max_error_m": 0.025453043126114003,
    "rms_torque_Nm": 26.9240093636512,
    "max_abs_torque_Nm": 150.0
  },
  "circle_3": {
    "mean_error_m": 0.029802583979805994,
    "rms_error_m": 0.046083247931196614,
    "p95_error_m": 0.10389490972972076,
    "max_error_m": 0.11089590374292307,
    "rms_torque_Nm": 25.517317095398536,
    "max_abs_torque_Nm": 129.1098036745393
  },
  "circle_4": {
    "mean_error_m": 0.06024432454031868,
    "rms_error_m": 0.0959576767430086,
    "p95_error_m": 0.20537201069141572,
    "max_error_m": 0.21031142185510465,
    "rms_torque_Nm": 25.571131244279762,
    "max_abs_torque_Nm": 150.0
  },
  "average": {
    "mean_error_m": 0.024260706114528897,
    "rms_error_m": 0.037973780209741,
    "p95_error_m": 0.08342778135564122,
    "max_error_m": 0.08923689619662373,
    "rms_torque_Nm": 24.228762065600783,
    "max_abs_torque_Nm": 122.37549625167361
  }
}