{
  "circle_1": {
    "mean_error_m": 0.0018816726161269904,
    "rms_error_m": 0.0028806488911316238,
    "p95_error_m": 0.005262872155149425,
    "max_error_m": 0.01617165132041308,
    "rms_torque_Nm": 19.572363032312925,
    "max_abs_torque_Nm": 47.41343608276706
  },
  "average": {
    "mean_error_m": 0.0018816726161269904,
    "rms_error_m": 0.0028806488911316238,
    "p95_error_m": 0.005262872155149425,
    "max_error_m": 0.01617165132041308,
    "rms_torque_Nm": 19.572363032312925,
    "max_abs_torque_Nm": 47.41343608276706
  }
}